Ax,Ay,Az,Gx,Gy,Gz,Roll,Pitch,Yaw,Timestamp,Target
492,-528,16840,-383,148,-59,-8000,1000,141000,155160,
492,-552,16884,-429,134,-50,-8000,1000,141000,155163,
360,-572,16800,-341,243,-59,-8000,1000,141000,155175,
380,-512,16812,-328,244,-22,-8000,1000,141000,155178,
396,-508,16724,-346,291,-11,-8000,1000,141000,155180,
364,-468,16844,-315,269,-6,-8000,1000,141000,155183,
244,-456,16828,-327,367,3,-8000,1000,141000,155195,
300,-536,16684,-298,352,8,-8000,1000,141000,155198,
220,-412,16828,-321,341,-16,-8000,1000,141000,155200,
328,-516,16840,-267,256,-25,-8000,1000,141000,155213,
220,-468,16764,-314,208,0,-8000,1000,141000,155215,
260,-384,16624,-331,232,-3,-8000,1000,141000,155217,
328,-436,16640,-294,162,-3,-8000,1000,141000,155220,
224,-452,16704,-367,152,32,-8000,1000,141000,155232,
220,-444,16692,-366,91,57,-8000,1000,141000,155235,
324,-492,16756,-436,103,81,-8000,1000,141000,155237,
488,-456,16604,-411,151,73,-8000,1000,141000,155249,
408,-556,16580,-416,161,103,-8000,1000,141000,155252,
476,-432,16700,-379,188,86,-8000,1000,141000,155254,
304,-440,16688,-358,161,93,-8000,1000,141000,155256,
336,-452,16604,-353,230,51,-8000,1000,141000,155269,
284,-456,16712,-358,196,51,-8000,1000,141000,155271,
408,-400,16700,-383,183,40,-8000,1000,141000,155274,
380,-456,16752,-348,167,56,-8000,1000,141000,155286,
320,-452,16796,-380,170,70,-8000,1000,141000,155289,
348,-428,16732,-401,157,20,-8000,1000,141000,155291,
376,-444,16884,-372,129,42,-8000,1000,141000,155294,
408,-468,16716,-449,97,42,-8000,1000,141000,155306,
308,-456,16584,-451,62,52,-8000,1000,141000,155309,
476,-396,16808,-483,68,37,-8000,1000,141000,155311,
432,-492,16556,-517,90,18,-8000,1000,141000,155313,
424,-628,16920,-463,-9,51,-8000,1000,141000,155326,
536,-608,16796,-405,38,43,-8000,1000,141000,155328,
432,-688,16780,-395,-17,76,-8000,1000,141000,155330,
404,-616,16928,-368,87,27,-8000,1000,141000,155343,
448,-588,16812,-374,36,47,-8000,1000,141000,155345,
468,-568,16868,-391,5,42,-8000,1000,141000,155348,
416,-604,16884,-375,69,50,-8000,1000,141000,155350,
564,-460,16760,-425,61,18,-8000,1000,141000,155363,
544,-472,16728,-374,86,1,-8000,1000,141000,155365,
572,-508,16888,-394,80,14,-8000,1000,141000,155367,
480,-524,16928,-404,104,22,-8000,1000,141000,155370,
476,-576,16792,-300,209,-14,-8000,1000,141000,155382,
532,-512,16828,-341,209,-21,-8000,1000,141000,155385,
552,-668,16796,-277,217,-45,-8000,1000,141000,155387,
520,-456,16796,-264,265,2,-8000,1000,141000,155403,
460,-484,16840,-298,308,-8,-8000,1000,141000,155406,
348,-576,16788,-253,259,-3,-8000,1000,141000,155408,
468,-528,16864,-262,251,-22,-8000,1000,141000,155410,
376,-592,16684,-267,123,-53,-8000,1000,141000,155423,
316,-612,16672,-326,132,-35,-8000,1000,141000,155425,
364,-452,16660,-314,174,-32,-8000,1000,141000,155427,
432,-428,16688,-314,90,-17,-8000,1000,141000,155440,
524,-428,16876,-314,141,-8,-8000,1000,141000,155442,
440,-376,16564,-282,109,-13,-8000,1000,141000,155445,
456,-472,16704,-307,102,24,-8000,1000,141000,155447,
516,-368,16836,-299,109,-32,-8000,1000,141000,155460,
468,-396,16744,-345,114,-18,-8000,1000,141000,155462,
432,-412,16648,-349,136,-26,-8000,1000,141000,155465,
492,-512,16796,-315,215,-31,-8000,1000,141000,155477,
408,-472,16748,-281,240,-36,-8000,1000,141000,155480,
340,-404,16648,-285,221,-14,-8000,1000,141000,155482,
440,-436,16672,-286,245,14,-8000,1000,141000,155484,
276,-360,16664,-306,206,-26,-8000,1000,141000,155497,
336,-396,16596,-339,201,-25,-8000,1000,141000,155499,
368,-468,16752,-323,201,-21,-8000,1000,141000,155502,
412,-380,16600,-402,208,17,-8000,1000,141000,155514,
444,-368,16544,-391,230,-1,-8000,1000,141000,155516,
380,-500,16580,-373,173,15,-8000,1000,141000,155519,
436,-468,16632,-410,182,10,-8000,1000,141000,155521,
464,-472,16684,-406,180,-57,-8000,1000,141000,155534,
384,-520,16700,-465,179,-44,-8000,1000,141000,155536,
388,-460,16652,-467,227,-61,-8000,1000,141000,155538,
320,-416,16580,-469,221,-46,-8000,1000,141000,155551,
360,-452,16600,-459,220,-42,-8000,1000,141000,155553,
320,-352,16536,-411,219,-31,-8000,1000,141000,155555,
388,-512,16552,-474,198,1,-8000,1000,141000,155558,
368,-384,16868,-451,249,31,-8000,1000,141000,155571,
388,-532,16712,-454,242,35,-8000,1000,141000,155573,
452,-448,16688,-490,243,34,-8000,1000,141000,155575,
404,-524,16736,-538,182,60,-8000,1000,141000,155588,
460,-452,16848,-550,190,61,-8000,1000,141000,155590,
420,-492,16708,-519,187,58,-8000,1000,141000,155593,
392,-404,16832,-538,114,81,-8000,1000,141000,155595,
424,-400,16624,-494,91,22,-8000,1000,141000,155607,
492,-356,16624,-531,77,24,-8000,1000,141000,155610,
436,-432,16632,-543,131,25,-8000,1000,141000,155612,
548,-352,16892,-542,138,50,-8000,1000,141000,155625,
616,-440,16620,-509,204,10,-8000,1000,141000,155627,
592,-408,16680,-485,163,23,-8000,1000,141000,155629,
556,-380,16716,-512,202,30,-8000,1000,141000,155632,
456,-552,16840,-396,247,11,-8000,1000,141000,155644,
556,-516,16900,-402,251,15,-8000,1000,141000,155647,
364,-488,16924,-423,300,-22,-8000,1000,141000,155649,
436,-576,16840,-452,277,-23,-8000,1000,141000,155662,
424,-468,16672,-466,277,-53,-8000,1000,141000,155664,
436,-560,16544,-442,247,-33,-8000,1000,141000,155666,
328,-484,16772,-439,240,-44,-8000,1000,141000,155669,
404,-540,16604,-457,138,-33,-8000,1000,141000,155681,
380,-492,16776,-453,122,-34,-8000,1000,141000,155684,
432,-532,16784,-450,159,-28,-8000,1000,141000,155686,
484,-532,16780,-496,135,-16,-8000,1000,141000,155699,
504,-424,16820,-445,200,-23,-8000,1000,141000,155701,
504,-504,16844,-418,169,0,-8000,1000,141000,155703,
488,-436,16788,-409,189,-10,-8000,1000,141000,155706,
572,-528,16812,-357,267,-65,-8000,1000,141000,155718,
492,-508,16676,-400,263,-77,-8000,1000,141000,155720,
416,-472,16848,-396,300,-105,-8000,1000,141000,155723,
420,-480,16864,-416,256,-95,-8000,1000,141000,155735,
408,-468,16840,-417,282,-86,-8000,1000,141000,155738,
412,-468,16776,-394,236,-96,-8000,1000,141000,155740,
296,-484,16636,-411,214,-48,-8000,1000,141000,155742,
444,-516,16764,-376,185,-55,-8000,1000,141000,155755,
396,-392,16796,-392,161,-47,-8000,1000,141000,155757,
392,-484,16736,-375,202,-58,-8000,1000,141000,155760,
336,-328,16732,-394,182,-71,-8000,1000,141000,155772,
296,-452,16788,-357,138,-64,-8000,1000,141000,155775,
436,-412,16792,-370,122,-24,-8000,1000,141000,155777,
460,-412,16728,-406,123,-41,-8000,1000,141000,155779,
444,-464,16812,-407,124,-33,-8000,1000,141000,155792,
448,-440,16852,-394,144,-69,-8000,1000,141000,155794,
404,-352,16724,-360,195,-73,-8000,1000,141000,155797,
484,-448,16824,-362,177,-66,-8000,1000,141000,155809,
412,-460,16776,-334,215,-91,-8000,1000,141000,155811,
436,-496,16856,-309,176,-65,-8000,1000,141000,155814,
448,-428,16916,-335,196,-60,-8000,1000,141000,155816,
320,-500,16820,-278,191,-20,-8000,1000,141000,155829,
380,-520,16768,-329,234,-2,-8000,1000,141000,155831,
324,-456,16824,-332,256,-21,-8000,1000,141000,155833,
440,-424,16776,-330,230,16,-8000,1000,141000,155846,
476,-448,16780,-340,260,-26,-8000,1000,141000,155848,
296,-420,16852,-288,213,-9,-8000,1000,141000,155851,
484,-484,16636,-293,189,22,-8000,1000,141000,155853,
460,-376,16712,-318,226,-19,-8000,1000,141000,155869,
384,-388,16780,-263,179,-26,-8000,1000,141000,155872,
444,-428,16708,-316,198,10,-8000,1000,141000,155874,
400,-384,16620,-282,146,-25,-8000,1000,141000,155887,
440,-496,16740,-352,95,-18,-8000,1000,141000,155889,
328,-492,16716,-360,152,-44,-8000,1000,141000,155891,
464,-420,16656,-327,127,-32,-8000,1000,141000,155894,
504,-384,16588,-330,228,-36,-8000,1000,141000,155906,
528,-424,16628,-343,179,-20,-8000,1000,141000,155909,
524,-328,16672,-343,199,-19,-8000,1000,141000,155911,
452,-476,16636,-328,184,-47,-8000,1000,141000,155924,
404,-420,16408,-370,231,-46,-8000,1000,141000,155926,
356,-468,16704,-399,282,-66,-8000,1000,141000,155928,
368,-456,16724,-349,275,-57,-8000,1000,141000,155931,
324,-408,16592,-365,275,-41,-8000,1000,141000,155943,
432,-492,16632,-353,181,-34,-8000,1000,141000,155946,
352,-420,16588,-402,150,-28,-8000,1000,141000,155948,
292,-460,16728,-450,131,7,-8000,1000,141000,155961,
228,-376,16644,-457,118,13,-8000,1000,141000,155963,
204,-380,16704,-455,154,-31,-8000,1000,141000,155965,
256,-496,16644,-446,106,23,-8000,1000,141000,155968,
408,-428,16836,-435,86,29,-8000,1000,141000,155980,
420,-444,16784,-448,104,64,-8000,1000,141000,155983,
404,-316,16624,-453,82,54,-8000,1000,141000,155985,
416,-416,16768,-426,203,92,-8000,1000,141000,155997,
448,-416,16680,-410,269,74,-8000,1000,141000,156000,
368,-424,16748,-391,274,92,-8000,1000,141000,156002,
432,-348,16752,-392,244,94,-8000,1000,141000,156004,
444,-200,16760,-358,263,54,-8000,1000,141000,156017,
272,-368,16804,-356,262,55,-8000,1000,141000,156019,
300,-316,16652,-414,291,81,-8000,1000,141000,156022,
372,-356,16688,-390,205,101,-8000,1000,141000,156034,
276,-288,16740,-414,212,84,-8000,1000,141000,156037,
272,-240,16704,-379,202,94,-8000,1000,141000,156039,
392,-232,16812,-391,142,104,-8000,1000,141000,156041,
364,-428,16708,-434,79,95,-8000,1000,141000,156054,
300,-360,16752,-462,66,111,-8000,1000,141000,156056,
296,-492,16792,-516,83,88,-8000,1000,141000,156059,
420,-428,16780,-475,7,113,-8000,1000,141000,156071,
444,-396,16740,-501,19,94,-8000,1000,141000,156074,
444,-448,16612,-415,19,82,-8000,1000,141000,156076,
408,-420,16676,-483,21,100,-8000,1000,141000,156078,
524,-440,16712,-430,99,110,-8000,1000,141000,156091,
592,-300,16796,-463,123,107,-8000,1000,141000,156093,
532,-484,16764,-478,161,82,-8000,1000,141000,156096,
568,-444,16732,-400,213,86,-8000,1000,141000,156108,
584,-420,16968,-378,248,75,-8000,1000,141000,156111,
560,-412,16832,-355,211,76,-8000,1000,141000,156113,
584,-396,16852,-388,202,41,-8000,1000,141000,156115,
512,-416,16752,-382,248,38,-8000,1000,141000,156128,
440,-300,16712,-406,282,33,-8000,1000,141000,156130,
520,-340,16744,-381,287,18,-8000,1000,141000,156133,
584,-316,16508,-363,174,17,-8000,1000,141000,156145,
524,-380,16556,-381,188,-30,-8000,1000,141000,156148,
528,-324,16780,-379,143,-12,-8000,1000,141000,156150,
416,-416,16656,-399,140,2,-8000,1000,141000,156152,
472,-428,16684,-371,198,-1,-8000,1000,141000,156165,
496,-396,16696,-442,217,-21,-8000,1000,141000,156167,
448,-308,16500,-437,269,-39,-8000,1000,141000,156169,
420,-396,16484,-419,260,-44,-8000,1000,141000,156182,
308,-412,16532,-394,197,-31,-8000,1000,141000,156184,
356,-300,16712,-422,190,-21,-8000,1000,141000,156187,
396,-388,16488,-450,223,-16,-8000,1000,141000,156189,
304,-384,16620,-488,205,33,-8000,1000,141000,156202,
296,-396,16512,-495,227,1,-8000,1000,141000,156204,
284,-376,16440,-493,183,19,-8000,1000,141000,156207,
360,-380,16536,-553,200,18,-8000,1000,141000,156219,
220,-264,16504,-530,140,36,-8000,1000,141000,156221,
376,-336,16524,-555,130,78,-8000,1000,141000,156224,
316,-356,16592,-552,178,55,-8000,1000,141000,156226,
368,-308,16716,-580,126,125,-8000,1000,141000,156239,
356,-384,16536,-557,178,117,-8000,1000,141000,156241,
276,-368,16744,-558,120,98,-8000,1000,141000,156243,
352,-380,16772,-624,188,35,-8000,1000,141000,156256,
476,-304,16676,-599,190,69,-8000,1000,141000,156258,
432,-340,16716,-646,182,95,-8000,1000,141000,156261,
308,-372,16712,-647,209,55,-8000,1000,141000,156263,
388,-440,16684,-606,180,104,-8000,1000,141000,156276,
368,-432,16632,-602,225,67,-8000,1000,141000,156278,
424,-324,16612,-565,172,89,-8000,1000,141000,156280,
384,-300,16688,-607,252,115,-8000,1000,141000,156293,
376,-352,16804,-568,254,131,-8000,1000,141000,156295,
400,-272,16696,-582,213,131,-8000,1000,141000,156298,
380,-352,16684,-616,235,111,-8000,1000,141000,156300,
376,-320,16820,-619,193,94,-8000,1000,141000,156313,
288,-532,16812,-637,241,109,-8000,1000,141000,156315,
256,-460,16680,-594,228,94,-8000,1000,141000,156317,
380,-528,16636,-602,143,101,-8000,1000,141000,156330,
340,-448,16720,-587,115,108,-8000,1000,141000,156332,
272,-404,16720,-636,77,129,-8000,1000,141000,156335,
400,-356,16872,-578,43,149,-8000,1000,141000,156347,
544,-400,16816,-637,52,157,-8000,1000,141000,156350,
468,-484,16776,-605,102,157,-8000,1000,141000,156352,
544,-368,16780,-593,163,123,-8000,1000,141000,156364,
560,-572,16808,-585,188,121,-8000,1000,141000,156367,
480,-456,16972,-517,201,95,-8000,1000,141000,156369,
560,-468,16944,-530,143,108,-8000,1000,141000,156371,
532,-524,16884,-472,245,96,-8000,1000,141000,156384,
452,-452,16888,-535,251,121,-8000,1000,141000,156386,
344,-484,16980,-534,298,117,-8000,1000,141000,156389,
400,-392,16756,-521,277,132,-8000,1000,141000,156401,
412,-496,16740,-527,290,142,-8000,1000,141000,156404,
488,-496,16836,-492,253,127,-8000,1000,141000,156406,
400,-556,16680,-519,203,135,-8000,1000,141000,156409,
500,-472,16676,-518,160,160,-8000,1000,141000,156421,
432,-464,16736,-556,163,144,-8000,1000,141000,156424,
452,-388,16588,-548,208,153,-8000,1000,141000,156426,
508,-472,16764,-542,215,118,-8000,1000,141000,156438,
556,-496,16824,-532,230,123,-8000,1000,141000,156441,
596,-428,16824,-509,196,114,-8000,1000,141000,156443,
476,-528,16740,-542,241,127,-8000,1000,141000,156446,
536,-480,16652,-472,304,112,-8000,1000,141000,156458,
428,-408,16720,-513,346,91,-8000,1000,141000,156461,
408,-484,16620,-464,303,81,-8000,1000,141000,156463,
392,-480,16684,-505,264,146,-8000,1000,141000,156476,
364,-448,16732,-476,281,113,-8000,1000,141000,156478,
376,-392,16640,-503,263,171,-8000,1000,141000,156480,
344,-360,16592,-555,259,145,-8000,1000,141000,156483,
312,-368,16812,-573,213,174,-8000,1000,141000,156495,
476,-440,16760,-576,240,100,-8000,1000,141000,156498,
456,-340,16648,-527,211,151,-8000,1000,141000,156500,
440,-432,16520,-546,257,105,-8000,1000,141000,156513,
428,-396,16612,-554,254,110,-8000,1000,141000,156515,
400,-292,16668,-566,270,111,-8000,1000,141000,156518,
380,-352,16660,-528,239,111,-8000,1000,141000,156520,
348,-412,16628,-517,321,107,-8000,1000,141000,156533,
380,-368,16668,-570,292,113,-8000,1000,141000,156535,
248,-300,16572,-573,335,113,-8000,1000,141000,156537,
388,-320,16492,-620,344,173,-8000,1000,141000,156550,
340,-444,16512,-646,375,142,-8000,1000,141000,156552,
212,-332,16504,-629,396,128,-8000,1000,141000,156555,
216,-376,16528,-638,356,157,-8000,1000,141000,156557,
104,-320,16424,-650,390,172,-8000,1000,141000,156569,
-72,-388,16376,-692,348,220,-8000,1000,141000,156572,
44,-320,16452,-706,334,202,-8000,1000,141000,156574,
-140,-288,16640,-698,220,250,-8000,1000,141000,156587,
-12,-272,16464,-757,265,221,-8000,1000,141000,156589,
-148,-344,16472,-722,266,217,-8000,1000,141000,156591,
-68,-328,16528,-765,234,269,-8000,1000,141000,156594,
-28,-268,16572,-831,35,247,-8000,1000,141000,156606,
-8,-252,16616,-897,-29,253,-8000,1000,141000,156609,
4,-272,16484,-913,-21,295,-8000,1000,141000,156611,
128,-220,16704,-1006,-55,343,-8000,1000,141000,156624,
240,-368,16712,-1029,-10,332,-8000,1000,141000,156626,
236,-380,16764,-977,-34,351,-8000,1000,141000,156629,
176,-516,16660,-990,-34,353,-8000,1000,141000,156631,
312,-668,16688,-938,26,349,-8000,1000,141000,156644,
284,-512,16756,-955,36,378,-8000,1000,141000,156646,
268,-484,16904,-948,79,364,-8000,1000,141000,156648,
316,-640,16932,-907,181,413,-8000,1000,141000,156661,
384,-540,16788,-898,169,419,-8000,1000,141000,156663,
164,-728,16852,-862,176,411,-8000,1000,142000,156666,
344,-648,16768,-884,117,453,-8000,1000,142000,156668,
316,-596,16920,-852,143,462,-8000,1000,142000,156680,
256,-560,16796,-854,132,495,-8000,1000,142000,156683,
280,-604,17064,-864,138,497,-8000,1000,142000,156685,
392,-540,17020,-752,169,573,-8000,1000,142000,156698,
320,-476,17032,-736,203,547,-9000,1000,142000,156700,
376,-452,17176,-708,239,538,-9000,1000,142000,156703,
460,-560,17136,-696,211,579,-9000,1000,142000,156705,
252,-428,17220,-546,381,606,-9000,1000,142000,156718,
292,-448,17192,-560,433,629,-9000,1000,142000,156720,
184,-524,17308,-535,470,646,-9000,1000,142000,156722,
-76,-696,17296,-332,535,727,-9000,1000,142000,156735,
-28,-596,17392,-332,542,707,-9000,1000,142000,156737,
-284,-620,17528,-183,338,792,-8000,1000,142000,156750,
-304,-528,17524,-171,343,801,-8000,1000,142000,156752,
-408,-512,17572,-114,300,823,-8000,1000,142000,156754,
-464,-524,17628,-96,272,837,-8000,1000,142000,156757,
-540,-416,17956,14,313,901,-8000,1000,142000,156769,
-604,-356,17892,21,341,912,-8000,1000,142000,156772,
-576,-392,17992,21,373,891,-8000,1000,142000,156774,
-428,-156,17896,169,861,926,-8000,2000,142000,156787,
-428,-208,18116,143,1088,898,-8000,2000,142000,156789,
-452,-148,17980,231,1244,911,-8000,2000,142000,156791,
-420,-116,18444,232,1442,950,-8000,2000,142000,156794,
-396,-8,18252,798,2308,1209,-8000,2000,142000,156806,
-424,28,18196,853,2484,1297,-8000,2000,142000,156809,
-404,140,18108,892,2783,1355,-8000,2000,142000,156811,
-708,476,18444,1308,3773,1878,-8000,2000,142000,156824,
-800,612,18448,1479,3966,1957,-8000,2000,142000,156826,
-856,540,18232,1593,4073,2013,-8000,3000,142000,156828,
-1336,1092,18264,1782,4552,2416,-8000,3000,143000,156841,
-1576,1188,18228,1853,4415,2511,-7000,3000,143000,156843,
-1528,1248,18240,1828,4459,2604,-7000,3000,143000,156846,
-1952,1496,18468,2071,3781,3024,-7000,4000,143000,156858,
-2120,1552,18340,2081,3592,3110,-7000,4000,143000,156861,
-2252,1652,18204,2085,3473,3148,-7000,4000,143000,156863,
-2436,1872,18304,2053,1862,3361,-7000,4000,143000,156876,
-2544,1944,18264,2060,1587,3337,-7000,4000,143000,156878,
-2476,1928,18308,1995,1155,3327,-7000,4000,143000,156881,
-2428,2276,18052,1567,-984,3477,-6000,4000,144000,156893,
-2496,2384,18132,1427,-1365,3585,-6000,4000,144000,156896,
-2412,2328,18276,1317,-1709,3703,-6000,4000,144000,156898,
-1820,2308,18316,826,-3182,4263,-6000,4000,144000,156911,
-1720,2372,18384,761,-3326,4350,-6000,4000,144000,156913,
-1508,2396,18416,718,-3531,4429,-6000,4000,145000,156915,
-516,2056,18768,581,-4194,4602,-6000,3000,145000,156928,
-452,1956,18692,652,-4237,4618,-6000,3000,145000,156930,
-216,1912,18876,692,-4355,4664,-6000,3000,145000,156933,
344,1608,18792,867,-4239,4747,-6000,3000,146000,156945,
500,1528,18868,923,-4225,4766,-6000,3000,146000,156947,
600,1428,18892,970,-4198,4776,-6000,3000,146000,156950,
1084,1396,19176,1399,-3959,4885,-5000,2000,146000,156962,
1132,1324,19328,1460,-3951,4882,-5000,2000,147000,156965,
1204,1292,19336,1617,-4002,4899,-5000,2000,147000,156967,
1548,1088,19556,1916,-4142,4849,-5000,2000,147000,156980,
1620,928,19592,2065,-4180,4821,-5000,2000,147000,156982,
1696,956,19272,2095,-4235,4786,-5000,2000,147000,156984,
1944,1060,19324,2654,-4351,4677,-5000,1000,148000,156997,
2028,1192,18956,2712,-4357,4643,-4000,1000,148000,156999,
2012,1208,19056,2719,-4261,4618,-4000,1000,148000,157002,
2596,1692,18792,3119,-3967,4305,-4000,1000,148000,157014,
2684,1724,18840,3111,-3788,4267,-4000,0,149000,157016,
2716,1748,18968,3203,-3662,4156,-4000,0,149000,157019,
2980,1712,18948,3489,-2357,3786,-3000,0,149000,157031,
3036,1728,18940,3612,-2050,3729,-3000,0,149000,157034,
2964,1704,18936,3630,-1750,3702,-3000,0,149000,157036,
3184,1688,19092,3729,-1394,3625,-3000,0,149000,157039,
3192,1480,19032,4248,154,3506,-3000,0,150000,157051,
3200,1288,19064,4403,461,3521,-3000,0,150000,157053,
3004,1456,19132,4598,759,3525,-3000,0,150000,157056,
2500,1416,19116,5269,2109,3550,-2000,0,150000,157068,
2324,1524,19144,5370,2314,3608,-2000,0,150000,157071,
2220,1588,19144,5425,2401,3613,-2000,0,150000,157073,
2156,1592,18960,5514,2514,3606,-2000,0,150000,157075,
1364,1668,18580,5749,1777,3284,-1000,0,151000,157092,
1104,1608,18748,5718,1506,3286,-1000,1000,151000,157094,
976,1752,18716,5671,1303,3272,-1000,1000,151000,157096,
744,1852,18608,5484,-37,3202,0,1000,151000,157109,
684,1916,18448,5470,-321,3195,0,1000,151000,157111,
764,1888,18608,5419,-572,3132,0,0,151000,157114,
808,1992,18580,5392,-948,3100,0,0,151000,157116,
1212,1856,18516,5095,-2280,2926,0,0,151000,157129,
1312,1864,18684,5030,-2509,2852,0,0,152000,157131,
1304,1968,18616,5017,-2663,2846,0,0,152000,157133,
1472,1800,18644,4954,-2787,2787,0,0,152000,157136,
2152,1568,18540,4804,-3001,2595,1000,0,152000,157148,
2156,1468,18388,4865,-2970,2538,1000,0,152000,157151,
2300,1440,18276,4891,-2936,2502,1000,0,152000,157153,
2448,1424,18304,4901,-2863,2463,1000,0,152000,157155,
3128,1424,18080,5280,-2247,2116,1000,0,152000,157168,
3056,1268,18288,5337,-2125,2126,1000,0,152000,157170,
3096,1448,18160,5402,-1931,2121,1000,0,152000,157173,
3096,1768,18004,5578,-1041,1985,2000,0,152000,157185,
3160,1704,18144,5591,-963,1906,2000,0,152000,157188,
3104,1652,17964,5679,-915,1799,2000,0,153000,157190,
3036,1748,17948,5622,-818,1745,2000,0,153000,157193,
2704,1672,17560,5463,-749,1290,3000,0,153000,157205,
2768,1724,17428,5431,-807,1216,3000,0,153000,157207,
2704,1820,17416,5412,-890,1108,3000,0,153000,157210,
2820,1968,16948,4948,-934,787,4000,0,153000,157222,
3028,1912,16992,4890,-930,709,4000,0,153000,157225,
3132,1876,16852,4775,-1024,688,4000,0,153000,157227,
3344,2072,16928,4673,-910,602,4000,-1000,153000,157230,
3944,1900,16908,4711,-904,147,4000,-1000,153000,157242,
4096,1952,17072,4710,-839,61,4000,-1000,153000,157245,
4032,1872,17112,4751,-827,-29,5000,-1000,153000,157247,
4036,1740,17072,4869,-587,-566,5000,-1000,153000,157259,
4000,1612,16948,4907,-643,-622,5000,-1000,153000,157262,
3860,1564,16864,4911,-643,-736,5000,-1000,153000,157264,
3396,1560,16464,5019,-1131,-1359,6000,-1000,153000,157277,
3236,1628,16224,4982,-1300,-1454,6000,-1000,153000,157279,
3220,1656,16300,4944,-1468,-1622,6000,-1000,153000,157281,
3120,1916,15928,4601,-2768,-2351,6000,-1000,152000,157294,
3140,2060,15728,4527,-2978,-2493,6000,-1000,152000,157296,
3192,2080,15888,4459,-3206,-2595,6000,-2000,152000,157299,
3736,2288,15624,3879,-3987,-3171,7000,-2000,152000,157311,
3788,2256,15800,3825,-4103,-3232,7000,-2000,152000,157314,
3904,2188,15880,3788,-4134,-3307,7000,-2000,152000,157316,
4344,1760,16092,3806,-3952,-3892,7000,-3000,151000,157329,
4376,1616,16200,3798,-3832,-4035,7000,-3000,151000,157331,
4428,1676,16148,3852,-3731,-4204,8000,-3000,151000,157333,
4308,1336,15680,4048,-3332,-4846,8000,-3000,151000,157346,
4304,1360,15724,4144,-3369,-4995,8000,-3000,150000,157348,
4176,1536,15472,4148,-3320,-5054,8000,-3000,150000,157351,
3656,1568,15236,4382,-3244,-5480,9000,-3000,150000,157363,
3692,1652,15256,4306,-3262,-5505,9000,-3000,150000,157366,
3496,1760,15048,4296,-3250,-5594,9000,-4000,150000,157368,
3524,2132,15172,4104,-3493,-5917,9000,-4000,149000,157381,
3532,2152,14984,4058,-3574,-6057,9000,-4000,149000,157383,
3528,2080,14972,4061,-3686,-6115,9000,-4000,149000,157385,
3480,2028,14528,3699,-4328,-6515,10000,-4000,148000,157398,
3248,2124,14656,3663,-4405,-6554,10000,-4000,148000,157400,
3212,2020,14624,3557,-4420,-6601,10000,-4000,148000,157402,
3204,1948,14212,3447,-4209,-6972,10000,-5000,147000,157415,
3252,2004,14260,3359,-4214,-7071,10000,-5000,147000,157417,
3248,1800,14212,3368,-4132,-7222,10000,-5000,147000,157420,
3084,1660,14040,3292,-4001,-7684,11000,-5000,146000,157432,
2948,1572,14088,3307,-3950,-7801,11000,-5000,146000,157435,
2948,1444,13900,3342,-3938,-7781,11000,-5000,146000,157437,
2540,1616,13516,3280,-3577,-7786,11000,-5000,145000,157450,
2340,1784,13612,3248,-3551,-7734,11000,-5000,145000,157452,
2268,1600,13496,3183,-3479,-7664,11000,-6000,145000,157454,
2240,2064,13056,2950,-2940,-7389,12000,-6000,144000,157467,
2224,2068,13168,2873,-2874,-7383,12000,-6000,144000,157469,
2344,2148,13168,2918,-2715,-7398,12000,-6000,144000,157472,
1948,2112,12632,2486,-2366,-7151,12000,-6000,143000,157484,
2120,2184,12696,2458,-2292,-7162,12000,-6000,143000,157487,
1984,2228,12656,2406,-2208,-7064,12000,-6000,143000,157489,
1560,2408,12276,2093,-1614,-6638,13000,-6000,142000,157502,
1460,2360,12044,2037,-1533,-6543,13000,-6000,142000,157504,
1404,2312,12056,1957,-1436,-6475,13000,-6000,142000,157507,
1340,2328,11748,1596,-1027,-6166,13000,-6000,141000,157519,
1128,2268,11732,1543,-968,-6153,13000,-6000,141000,157521,
1140,2188,11808,1500,-908,-6212,13000,-6000,141000,157524,
764,2280,11772,1212,-693,-6020,13000,-6000,140000,157536,
612,2240,11864,1177,-628,-5986,13000,-6000,140000,157539,
732,2416,11684,1093,-592,-5895,13000,-6000,140000,157541,
400,2792,11380,780,-148,-5362,13000,-6000,139000,157554,
320,2920,11536,677,-119,-5242,13000,-6000,139000,157556,
320,2880,11408,632,-50,-5104,13000,-5000,139000,157558,
196,3108,11352,381,221,-4621,13000,-5000,139000,157571,
216,3104,11264,313,280,-4568,13000,-5000,139000,157573,
172,3344,11224,270,353,-4541,13000,-5000,139000,157576,
76,3556,11172,-149,365,-4467,13000,-5000,138000,157588,
-128,3620,11268,-154,333,-4492,13000,-5000,138000,157591,
-100,3656,11280,-188,206,-4482,13000,-5000,138000,157593,
-432,3868,11068,-706,-234,-4577,13000,-5000,138000,157606,
-496,4048,11100,-859,-327,-4464,13000,-5000,138000,157608,
-540,4032,11092,-991,-461,-4393,13000,-5000,138000,157610,
-548,4188,11196,-1537,-1148,-3782,13000,-5000,137000,157623,
-496,4388,11100,-1683,-1250,-3659,13000,-5000,137000,157625,
-524,4340,11136,-1768,-1349,-3598,13000,-5000,137000,157628,
-44,4640,11448,-2249,-1914,-3178,13000,-5000,137000,157640,
16,4588,11396,-2338,-1884,-3169,13000,-5000,137000,157642,
256,4720,11396,-2386,-1919,-3108,13000,-5000,137000,157645,
440,4820,11548,-2754,-1421,-2988,13000,-5000,136000,157657,
624,4848,11536,-2777,-1354,-2973,13000,-5000,136000,157660,
520,4768,11524,-2888,-1221,-2918,13000,-5000,136000,157662,
832,4812,11572,-3158,-578,-2810,13000,-5000,136000,157675,
888,4948,11852,-3252,-469,-2805,13000,-5000,136000,157677,
812,4868,11764,-3289,-301,-2792,13000,-5000,136000,157679,
592,4832,11912,-3563,383,-2685,12000,-5000,135000,157692,
556,4856,11980,-3627,508,-2700,12000,-5000,135000,157694,
392,4892,11892,-3613,561,-2666,12000,-5000,135000,157697,
-236,4716,11900,-3853,903,-2401,12000,-5000,135000,157709,
-304,4780,12092,-3889,846,-2285,12000,-5000,135000,157712,
-388,4788,12008,-4004,832,-2235,12000,-5000,135000,157714,
-384,5008,12036,-4396,-142,-1954,12000,-4000,135000,157727,
-456,5132,12144,-4508,-473,-1902,11000,-4000,135000,157729,
-392,5140,12368,-4616,-771,-1912,11000,-4000,135000,157731,
-404,5436,12716,-5436,-2596,-1713,11000,-5000,135000,157744,
-212,5440,12664,-5605,-2904,-1737,11000,-5000,135000,157746,
-148,5480,12440,-5743,-3196,-1679,11000,-5000,135000,157748,
284,5264,12584,-6647,-4284,-1523,10000,-5000,134000,157761,
268,5188,12632,-6767,-4453,-1474,10000,-5000,134000,157763,
268,5028,12688,-6910,-4533,-1349,10000,-5000,134000,157766,
632,4352,13000,-7246,-4580,-925,9000,-6000,134000,157778,
780,4288,12908,-7289,-4489,-847,9000,-6000,134000,157781,
776,4328,13112,-7331,-4396,-758,9000,-6000,134000,157783,
1164,4184,13792,-7365,-3648,-280,8000,-6000,134000,157796,
1248,4072,13720,-7351,-3321,-262,8000,-6000,134000,157798,
1228,4188,13828,-7309,-3114,-198,8000,-6000,134000,157801,
1684,4408,13992,-7293,-1492,-118,8000,-6000,134000,157813,
1636,4560,14120,-7302,-1259,-88,7000,-6000,134000,157816,
1720,4456,14168,-7314,-965,-85,7000,-6000,134000,157818,
1540,4320,14376,-7444,111,-69,7000,-6000,134000,157831,
1604,4324,14536,-7495,307,-88,7000,-6000,134000,157833,
1472,4328,14656,-7447,400,-87,6000,-6000,134000,157835,
1256,4160,15112,-7353,854,18,6000,-6000,134000,157848,
1264,4116,15048,-7299,904,67,6000,-6000,134000,157850,
1180,4096,15168,-7359,972,123,6000,-6000,134000,157853,
1068,4040,15536,-7413,1371,321,5000,-6000,134000,157865,
1080,3952,15484,-7496,1391,372,5000,-6000,134000,157868,
1044,3896,15552,-7522,1465,371,5000,-6000,134000,157870,
884,3324,16192,-7539,1511,434,4000,-6000,134000,157883,
840,3248,16236,-7530,1567,421,4000,-6000,134000,157885,
884,3180,16232,-7475,1522,469,4000,-6000,134000,157887,
880,3160,16272,-7474,1576,530,4000,-6000,134000,157890,
860,2996,16300,-7267,2007,968,3000,-6000,134000,157902,
892,3200,16280,-7265,2157,1039,3000,-6000,134000,157905,
868,3188,16464,-7226,2246,1024,3000,-5000,134000,157907,
992,3132,16508,-7131,2838,1101,2000,-5000,134000,157920,
1000,2884,16564,-7040,2970,1100,2000,-5000,134000,157922,
980,2856,16624,-6957,3057,1151,2000,-5000,134000,157924,
732,2464,16940,-6657,3778,1249,1000,-5000,134000,157937,
792,2300,17280,-6545,3774,1241,1000,-5000,134000,157939,
808,2304,17436,-6478,3812,1231,1000,-5000,134000,157942,
720,2184,17700,-5924,3713,1325,0,-4000,135000,157954,
600,2308,17604,-5852,3709,1330,0,-4000,135000,157957,
676,2280,17864,-5763,3705,1333,0,-4000,135000,157959,
812,2552,17704,-5677,3637,1344,0,-4000,135000,157961,
852,3388,17680,-5261,3660,1204,0,-4000,135000,157974,
760,3588,17536,-5266,3662,1207,0,-4000,135000,157976,
776,3788,17616,-5272,3700,1211,0,-3000,135000,157978,
712,4120,17716,-5347,4017,1082,0,-3000,135000,157991,
680,4068,17896,-5356,4249,1148,0,-3000,135000,157993,
748,3852,18440,-5206,4095,1208,0,-3000,135000,157996,
972,3800,18292,-5184,3801,1195,0,-3000,135000,157998,
600,3380,19072,-5461,3500,883,-1000,-3000,135000,158011,
376,3376,19228,-5383,3537,994,-1000,-2000,135000,158013,
332,3356,19280,-5274,3706,1058,-1000,-2000,135000,158015,
900,2828,19564,-4784,3814,1878,-1000,-2000,135000,158032,
876,2892,19492,-4725,3759,1905,-1000,-2000,135000,158034,
812,2844,19872,-4676,3803,1876,-2000,-2000,135000,158037,
544,2780,19564,-4176,4262,1870,-2000,-1000,135000,158049,
600,2836,19584,-4140,4326,1932,-2000,-1000,136000,158052,
644,2760,19668,-4051,4281,2013,-2000,-1000,136000,158054,
624,2472,19820,-3901,3968,2246,-2000,-1000,136000,158067,
596,2604,19980,-3878,3944,2263,-2000,-1000,136000,158069,
644,2400,19764,-3801,3903,2313,-2000,-1000,136000,158071,
576,2412,20508,-3379,3875,2496,-3000,0,136000,158084,
596,2520,20332,-3295,3778,2580,-3000,0,136000,158086,
604,2268,20408,-3213,3801,2633,-3000,0,136000,158089,
740,2372,20584,-3127,3802,2655,-3000,0,136000,158091,
696,2280,20616,-2841,3464,2686,-3000,0,136000,158104,
728,2288,20712,-2780,3439,2670,-3000,0,136000,158106,
684,2168,20736,-2727,3349,2618,-3000,0,136000,158108,
616,1900,20440,-2293,3383,2452,-3000,0,137000,158121,
744,1628,20260,-2255,3404,2430,-3000,0,137000,158123,
640,1712,20192,-2182,3422,2387,-3000,0,137000,158125,
820,1752,20208,-2059,3455,2391,-3000,0,137000,158128,
900,1864,20360,-1402,3468,2779,-3000,0,137000,158140,
960,1940,20308,-1246,3504,2850,-3000,0,137000,158143,
812,1852,20208,-1186,3511,2935,-3000,0,137000,158145,
916,2204,20156,-730,3939,3040,-3000,1000,137000,158158,
892,2156,19948,-750,4030,3018,-3000,1000,137000,158160,
824,2268,19944,-711,4164,2985,-3000,1000,138000,158163,
360,1892,19432,-459,4304,2853,-3000,1000,138000,158175,
372,1788,19492,-369,4383,2885,-3000,1000,138000,158178,
304,1772,19516,-248,4332,2860,-3000,1000,138000,158180,
-28,1612,19488,35,4053,2944,-3000,2000,138000,158193,
108,1612,19576,139,3958,2976,-3000,2000,138000,158195,
-44,1528,19508,163,3853,3023,-3000,2000,138000,158197,
92,1568,19440,189,3786,3052,-3000,2000,138000,158200,
116,1600,19452,528,3164,3076,-3000,2000,139000,158212,
100,1528,19296,571,3087,3065,-3000,2000,139000,158214,
8,1596,19280,653,2950,2976,-3000,3000,139000,158217,
-12,1564,18720,721,2532,2835,-3000,3000,139000,158230,
-32,1560,18764,733,2428,2828,-3000,3000,139000,158232,
0,1544,18760,714,2335,2776,-3000,3000,139000,158234,
-12,1500,18640,800,2246,2773,-3000,3000,139000,158237,
188,1356,18396,814,2095,2837,-3000,3000,139000,158249,
164,1428,18192,922,2106,2822,-3000,3000,139000,158252,
248,1288,18520,991,2052,2815,-3000,3000,139000,158254,
444,1268,18300,1360,2171,2637,-3000,3000,140000,158266,
484,1264,18388,1340,2146,2702,-3000,3000,140000,158269,
356,1244,18260,1400,2217,2693,-3000,3000,140000,158271,
404,1488,18228,1629,2456,2788,-2000,4000,140000,158284,
436,1436,18056,1685,2542,2780,-2000,4000,140000,158286,
424,1496,18172,1780,2532,2738,-2000,4000,140000,158288,
364,1544,17740,1880,2661,2576,-2000,4000,140000,158301,
432,1492,17728,1961,2674,2536,-2000,4000,140000,158303,
260,1540,17524,1960,2707,2521,-2000,4000,140000,158306,
216,1500,17216,2159,2883,2446,-2000,4000,141000,158318,
252,1528,17240,2140,2863,2452,-2000,4000,141000,158321,
192,1392,17320,2138,2868,2472,-1000,4000,141000,158323,
216,1440,17168,2247,2652,2349,-1000,5000,141000,158339,
200,1312,17100,2215,2664,2301,-1000,5000,141000,158342,
156,1368,17188,2208,2682,2256,-1000,5000,141000,158344,
160,1248,16960,2295,2744,2070,-1000,5000,141000,158357,
348,1216,16968,2369,2784,2029,-1000,5000,141000,158359,
264,1184,16988,2456,2764,1946,-1000,5000,141000,158361,
284,1060,16676,2596,2952,1734,0,5000,142000,158374,
268,1196,16724,2688,2951,1721,0,5000,142000,158376,
188,1200,16596,2648,3014,1709,0,5000,142000,158378,
312,1156,16720,2703,3036,1673,0,5000,142000,158381,
188,1396,16156,2857,3347,1599,0,6000,142000,158393,
128,1460,16512,2850,3413,1564,0,6000,142000,158396,
232,1408,16260,2829,3407,1528,0,6000,142000,158398,
152,1472,16148,2805,3445,1509,0,6000,142000,158400,
136,1588,16108,2712,3527,1252,0,6000,142000,158413,
76,1616,16128,2658,3581,1241,0,6000,142000,158415,
48,1600,16048,2659,3599,1157,0,6000,142000,158418,
36,1508,16044,2649,3524,1098,0,6000,142000,158420,
-44,1784,15356,2038,3356,1061,0,7000,142000,158433,
-160,1808,15316,1928,3227,1060,0,7000,142000,158435,
144,1972,15012,1711,3222,1070,0,7000,142000,158437,
-192,2796,16984,683,2633,1241,0,7000,142000,158450,
-428,2848,17272,537,2273,1259,0,7000,142000,158452,
-340,2784,17348,302,1970,1200,0,7000,142000,158455,
-416,2840,17472,9,1585,1139,0,7000,142000,158457,
-424,1872,17428,-1481,24,494,0,7000,142000,158470,
-488,1356,17244,-1504,-318,441,0,7000,142000,158472,
-604,1032,17144,-1521,-626,363,0,7000,143000,158474,
-508,908,17024,-1509,-832,328,0,7000,143000,158477,
-180,24,16324,-1287,-1634,686,0,7000,143000,158489,
-184,-4,16424,-1166,-1621,873,0,7000,143000,158492,
12,64,16396,-1025,-1602,1029,0,7000,143000,158494,
240,120,16240,-923,-1542,1177,0,7000,143000,158496,
1704,852,15920,-442,-429,967,0,7000,143000,158509,
1860,1112,15892,-444,-217,700,0,6000,143000,158511,
2072,1128,15976,-335,57,364,0,6000,143000,158514,
1620,1588,15648,-76,1051,-1244,0,6000,143000,158526,
1292,1688,15772,-46,1233,-1422,0,7000,143000,158528,
1020,1648,15844,19,1419,-1539,0,7000,143000,158531,
812,1716,15960,32,1602,-1574,0,7000,143000,158533,
-508,1680,16280,-81,2157,-1329,0,7000,142000,158546,
-688,1684,16352,-160,2192,-1223,0,7000,142000,158548,
-764,1596,16248,-183,2199,-1138,0,7000,142000,158550,
-1120,1744,16356,-495,1921,-754,0,7000,142000,158563,
-1060,1716,16244,-519,1870,-738,0,7000,142000,158565,
-1064,1768,16268,-584,1784,-734,0,7000,142000,158568,
-968,1884,16372,-659,1754,-721,0,7000,142000,158570,
-760,2112,16128,-855,1423,-884,0,7000,142000,158583,
-916,1940,16220,-877,1396,-909,0,7000,142000,158585,
-884,2036,16248,-915,1400,-991,0,7000,142000,158587,
-940,2056,16128,-921,1487,-1098,0,7000,142000,158600,
-1072,1984,16092,-881,1523,-1152,0,7000,142000,158602,
-1028,1960,16120,-845,1464,-1150,0,7000,142000,158605,
-1164,1924,16212,-805,1485,-1154,0,7000,142000,158607,
-1500,1884,16280,-619,1213,-1122,0,7000,142000,158620,
-1584,1896,16340,-652,1169,-1122,0,7000,142000,158622,
-1644,1960,16268,-624,1151,-1148,0,7000,142000,158624,
-1864,2124,16624,-754,727,-1074,0,8000,142000,158637,
-1924,2068,16824,-738,671,-1082,0,8000,142000,158639,
-1960,2160,16644,-773,532,-1018,0,8000,142000,158642,
-1976,2212,16748,-852,433,-990,0,8000,142000,158644,
-1692,2220,16628,-945,92,-791,0,8000,142000,158657,
-1724,2208,16880,-997,132,-820,0,8000,142000,158659,
-1776,2304,16884,-928,81,-800,0,8000,142000,158661,
-1356,2196,16908,-879,160,-805,0,8000,142000,158674,
-1368,2336,16980,-804,162,-828,0,8000,142000,158676,
-1376,2284,16908,-826,198,-852,0,8000,142000,158679,
-1272,2352,16900,-777,280,-903,0,8000,142000,158681,
-1328,2168,16856,-562,625,-968,0,8000,141000,158694,
-1392,2084,16756,-504,695,-993,0,8000,141000,158696,
-1468,2096,16984,-426,723,-968,0,8000,141000,158698,
-1708,2264,17032,-184,1025,-900,0,8000,141000,158711,
-1772,2316,16832,-163,1030,-869,0,8000,141000,158713,
-1748,2236,16828,-163,1087,-841,0,8000,141000,158715,
-1932,2336,16824,-120,1128,-845,0,8000,141000,158718,
-1836,2360,16620,-79,1129,-784,0,8000,141000,158730,
-2020,2368,16708,-69,1150,-764,0,8000,141000,158733,
-1912,2540,16600,-35,1073,-749,0,8000,141000,158735,
-2248,2404,16432,-78,782,-593,0,8000,141000,158748,
-2148,2380,16400,-75,691,-529,0,8000,141000,158750,
-2176,2380,16392,-144,583,-501,0,8000,141000,158752,
-2216,2396,16452,-160,588,-491,0,8000,141000,158755,
-2100,2408,16340,-282,417,-307,0,8000,141000,158767,
-2084,2460,16240,-226,428,-326,0,8000,141000,158770,
-1996,2480,16324,-277,362,-291,0,8000,141000,158772,
-1832,2580,16456,-169,190,-247,0,8000,141000,158785,
-1840,2416,16388,-222,175,-185,0,8000,141000,158787,
-1992,2544,16280,-235,192,-221,0,8000,141000,158789,
-1824,2520,16304,-218,187,-212,0,8000,141000,158792,
-1740,2504,16176,-222,294,-128,0,8000,141000,158808,
-1900,2368,16236,-235,281,-136,0,8000,141000,158810,
-1688,2464,16096,-234,308,-128,0,8000,141000,158813,
-1848,2372,16160,-285,298,-98,0,8000,141000,158825,
-1812,2424,16148,-285,319,-109,0,8000,141000,158828,
-1796,2324,16104,-297,271,-88,0,8000,141000,158830,
-1648,2304,16124,-314,316,-59,0,8000,141000,158832,
-1764,2384,16080,-365,290,-4,0,8000,141000,158845,
-1772,2328,16004,-377,296,-27,0,8000,141000,158847,
-1816,2284,16048,-388,307,-19,0,8000,141000,158849,
-1804,2196,16120,-362,258,-6,0,8000,141000,158852,
-1720,2132,16140,-428,257,9,0,8000,141000,158864,
-1752,2272,15984,-475,200,53,0,8000,141000,158867,
-1748,2340,16128,-480,205,42,0,8000,141000,158869,
-1768,2212,16124,-486,181,35,0,8000,141000,158871,
-1616,2216,16184,-597,177,72,0,8000,141000,158884,
-1548,2188,16096,-588,219,68,0,8000,141000,158886,
-1596,2180,16232,-577,182,74,0,8000,141000,158889,
-1700,2216,16128,-591,203,83,0,8000,141000,158891,
-1616,2204,16172,-623,137,78,0,8000,141000,158904,
-1720,2152,16164,-673,150,66,0,8000,141000,158906,
